id,barcode,item_id
1,"9781908614377",93
2,"9780521476584",94
3,"9780131588677",95
4,"9780131402010",96
5,"9781859644898",97
6,"9781859645130",98
7,"9780136133681",99
8,"9780132330961",100
9,"9780136127802",101
10,"9780132050661",102
11,"9780194416153",103
12,"9780194416306",104
13,"9780194416146",105
14,"9780194416122",106
15,"9780194416290",107
16,"9780007507115",108
17,"9780131990272",109
18,"9780521469081",110
19,"9780521547765",111
20,"9780007542314",112
21,"9780007458714",113
22,"9780007497744",114
23,"9781107614031",115
24,"9781107615267",116
25,"9781107614017",117
26,"9780131402003",118
27,"9780131401983",119
28,"9781859645185",120
29,"9781908614360",121
30,"9780132336758",122
31,"9780132336765",123
32,"9780136133193",124
33,"9780136133186",125
34,"9780136133698",126
35,"9780132409902",127
36,"9780132409919",128
37,"9780132336437",129
38,"9780132336451",130
39,"9782761341455",131
40,"9780194416238",132
41,"9780194416283",133
42,"9781111356422",134
43,"9781111356002",135
44,"9781424029389",136
45,"9780132089036",137
46,"9780521534055",138
47,"9781424029419",139
48,"9781285846927",140
49,"9781905085576",141
50,"9781905085569",142
51,"9780521140706",143
52,"9781859647769",144
53,"9781859647868",145
54,"9781859647820",146
55,"9781859647967",147
56,"9781859647721",148
57,"9781859647929",149
58,"9781859647523",150
59,"9781859648261",151
60,"9781859647608",152
61,"9781859648070",153
62,"9780230431942",154
63,"9780618639465",155
64,"9781107614093",156
65,"9781107614048",157
66,"9781107614000",158
67,"9780230029149",159
68,"9780230029156",160
69,"9780230029163",161
70,"9780230029170",162
71,"9781908614384",163
72,"9780521213462",164
73,"9781111064341",165
74,"9781424028894",166
75,"9781424006373",167
76,"9781424029372",168
77,"9781424029402",169
78,"9781424029426",170
79,"9781424029396",171
80,"9780131305489",172
81,"9780131189461",173
82,"9781896942117",174
83,"9780130611994",175
84,"9780131840324",176
85,"9780521346757",177
86,"9780521346733",178
87,"9780521438698",179
88,"9780175559770",180
89,"9780744582376",181
90,"9780194217163",182
91,"9781859645291",183
92,"9780194372794",184
93,"9780194372756",185
94,"9781908614315",186
95,"9781908614308",187
96,"9781859647479",188
97,"9781859647462",189
98,"9781859647028",190
99,"9781405086066",191
100,"9781908614407",192
101,"9781908614391",193
102,"9781859645024",194
103,"9781782600701",195
104,"9781859644850",196
105,"9781859645031",197
106,"9781859644867",198
107,"9780415384209",199
108,"9780415595810",200
109,"9781138778504",201
110,"9781111352097",202
111,"9780521657952",203
112,"9780521140942",204
113,"9781859647936",205
114,"9781859647738",206
115,"9781859647776",207
116,"9781859647837",208
117,"9781859647875",209
118,"9781859647974",210
119,"9781859647615",211
120,"9781859647530",212
121,"9781859648278",213
122,"9780472088560",214
123,"9780472088577",215
124,"9781446210918",216
125,"9780132912747",217
126,"9780132915694",218
127,"9780132915663",219
128,"9780132912716",220
129,"9781285750750",221
130,"9781285750743",222
131,"9781285750736",223
132,"9781285194929",224
133,"9781285750729",225
134,"9781424071135",226
135,"9781424071128",227
136,"9780618444168",228
137,"9781859646557",229
138,"9780312092146",230
139,"9780131523593",231
140,"9780201340549",232
141,"9780132410281",233
142,"9780131933958",234
143,"9780132414883",235
144,"9780201834109",236
145,"9780131995574",237
146,"9780201695090",238
147,"9781873576564",239
148,"9780130309730",240
149,"9781864083743",241
150,"9780582400191",242
151,"9780175566242",243
152,"9781873576496",244
153,"9781873576410",245
154,"9781873576373",246
155,"9780521534963",247
156,"9780007507108",248
157,"9780838409855",249
158,"9780838409497",250
159,"9780230421943",251
160,"9780194309240",252
161,"9781905085590",253
162,"9781905085583",254
163,"9781859647448",255
164,"9781873576403",256
165,"9780333988534",257
166,"9780335196425",258
167,"9780130178565",259
168,"9780273721710",260
169,"9780521657822",261
170,"9781405095860",262
171,"9781877371134",263
172,"9780130374257",264
173,"9780007469420",265
174,"9780007497768",266
175,"9780007460618",267
176,"9780007541324",268
177,"9781873576458",269
178,"9781842168790",270
179,"9780131363304",271
180,"9780131363328",272
181,"9781842168783",273
182,"9781903128510",274
183,"9781903128503",275
184,"9780521479714",276
185,"9780521532877",277
186,"9780194741675",278
187,"9780194309684",279
188,"9780194417150",280
189,"9780139194405",281
190,"9780138140014",282
191,"9780139194320",283
192,"9780194309714",284
193,"9780194417297",285
194,"9780007507122",286
195,"9781107634619",287
196,"9781107687288",288
197,"9781859647707",289
198,"9781859647745",290
199,"9781859647806",291
200,"9781859647844",292
201,"9781859647943",293
202,"9781859647905",294
203,"9781859644829",295
204,"9781859644997",296
205,"9781908614339",297
206,"9781908614346",298
207,"9780521533874",299
208,"9780136133360",300
209,"9780136133353",301
210,"9780132409513",302
211,"9780132409889",303
212,"9780136133131",304
213,"9780136133148",305
214,"9780132336741",306
215,"9780132336420",307
216,"9780132056786",308
217,"9780132056779",309
218,"9780194309653",310
219,"9781859648032",311
220,"9781133951148",312
221,"9780194741569",313
222,"9780194741583",314
223,"9780521367493",315
224,"9780521578202",316
225,"9780521606202",317
226,"9780521578219",318
227,"9780521716413",319
228,"9780521716390",320
229,"9780521754842",321
230,"9780138140007",322
231,"9781905085606",323
232,"9781905085613",324
233,"9780230431959",325
234,"9780230430136",326
235,"9780230430020",327
236,"9781413012576",328
237,"9781111347895",329
238,"9781133307662",330
239,"9781133307631",331
240,"9781111830823",332
241,"9781111398613",333
242,"9781133307693",334
243,"9781133307679",335
244,"9781111832285",336
245,"9782761345835",337
246,"9780130948625",338
247,"9780132345231",339
248,"9780132345248",340
249,"9780132355704",341
250,"9780130948588",342
251,"9780130948533",343
252,"9780132075176",344
253,"9780130948656",345
254,"9780136005131",346
255,"9780136005155",347
256,"9780132424288",348
257,"9780132075206",349
258,"9780521367509",350
259,"9780521367486",351
260,"9780521367479",352
261,"9780007522330",353
262,"9780007522323",354
263,"9780462007144",355
264,"9780462007465",356
265,"9780194355025",357
266,"9780230440180",358
267,"9780230440173",359
268,"9780230440340",360
269,"9780007497751",361
270,"9780007458721",362
271,"9781905085880",363
272,"9780462000428",364
273,"9780521229234",365
274,"9780132473897",366
275,"9780582469105",367
276,"9780007522316",368
277,"9780007542680",369
278,"9780134602394",370
279,"9780521705882",371
280,"9780521705905",372
281,"9780521702003",373
282,"9780521701983",374
283,"9780521315586",375
284,"9780194741668",376
285,"9780194741576",377
286,"9780194741637",378
287,"9780194741606",379
288,"9780130272560",380
289,"9781859645000",381
290,"9781859644836",382
291,"9781859649909",383
292,"9781859649916",384
293,"9781859645758",385
294,"9781859645697",386
295,"9781908614421",387
296,"9781908614414",388
297,"9780230028784",389
298,"9781111832278",390
299,"9780472088843",391
300,"9781899396306",392
301,"9780472033324",393
302,"9780230243040",394
303,"9780007507139",395
304,"9780582093072",396
305,"9780521150040",397
306,"9781908614698",398
307,"9781859644157",399
308,"9781908614681",400
309,"9781859644003",401
310,"9780230726017",402
311,"9780230726024",403
312,"9781859647592",404
313,"9781859647554",405
314,"9781859647714",406
315,"9781859647851",407
316,"9781859647813",408
317,"9781859647950",409
318,"9781859647912",410
319,"9781859648049",411
320,"9781859648124",412
321,"9781441965905",413
322,"9781859647752",414
323,"9780521533966",415
324,"9780521395519",416
325,"9780135075913",417
326,"9780135075838",418
327,"9780007497775",419
328,"9780007542697",420
329,"9780007457830",421
330,"9780521754644",422
331,"9780194355483",423
332,"9780194355551",424
333,"9780906717592",425
334,"9780521478731",426
335,"9780521367899",427
336,"9780521399708",428
337,"9780521399722",429
338,"9781900783996",430
339,"9781899396412",431
340,"9780521559799",432
341,"9780521559812",433
342,"9781905085989",434
343,"9780521138833",435
344,"9780953309887",436
345,"9780759396296",437
346,"9780759396289",438
347,"9780713182699",439
348,"9780521657914",440
349,"9780582002999",441
350,"9780194421690",442
351,"9781900783927",443
352,"9780521288699",444
353,"9781859649176",445
354,"9781859644874",446
355,"9781908614353",447
356,"9781859649824",448
357,"9780521386104",449
358,"9780521386111",450
359,"9780007462919",451
360,"9780958539579",452
361,"9780958539593",453
362,"9780582469044",454
363,"9780521467353",455
364,"9780521185141",456
365,"9780521185134",457
366,"9780521001854",458
367,"9780521619561",459
368,"9780194362450",460
369,"9780194362474",461
370,"9780194339711",462
371,"9780521606738",463
372,"9780521685276",464
373,"9780521312875",465
374,"9780521312950",466
375,"9780194530903",467
376,"9780521319140",468
377,"9780521319157",469
378,"9780462007779",470
379,"9780521755849",471
380,"9784860640255",472
381,"9781419551987",473
382,"9781438070193",474
383,"9780521120067",475
384,"9789880030536",476
385,"9781859645710",477
386,"9781859645246",478
387,"9780733978050",479
388,"9781442528024",480
389,"9781442528499",481
390,"9781740910736",482
391,"9781740910743",483
392,"9780194001793",484
393,"9780194001823",485
394,"9780194002028",486
395,"9780194002011",487
396,"9780194002073",488
397,"9780194002141",489
398,"9781859646809",490
399,"9781859646762",491
400,"9781859646816",492
401,"9781859646786",493
402,"9781859646847",494
403,"9781859646823",495
404,"9781859646854",496
405,"9781107635449",497
406,"9781107611290",498
407,"9781107686144",499
408,"9780194716611",500
409,"9780194715584",501
410,"9780194715676",502
411,"9780194716628",503
412,"9780194741651",504
413,"9780194741620",505
414,"9780194741590",506
415,"9780194711234",507
416,"9780194711258",508
417,"9780194741644",509
418,"9780194715768",510
419,"9780194716635",511
420,"9780194741613",512
421,"9780132338417",513
422,"9780132338455",514
423,"9780132338448",515
424,"9780132338431",516
425,"9781859648162",517
426,"9781859648087",518
427,"9781859648186",519
428,"9781859648100",520
429,"9781859648094",521
430,"9781859649275",522
431,"9781859649282",523
432,"9781859646441",524
433,"9781859646458",525
434,"9780194756273",526
435,"9780194756228",527
436,"9780194756280",528
437,"9780194756242",529
438,"9780194756297",530
439,"9780194756303",531
440,"9780194756259",532
441,"9780521426145",533
442,"9781859644195",534
443,"9780521121620",535
444,"9780007507153",536
445,"9780007507146",537
446,"9781403900265",538
447,"9780230545199",539
448,"9781446203255",540
449,"9781403911322",541
450,"9781137289254",542
451,"9780230285293",543
452,"9780273743859",544
453,"9780273718673",545
454,"9780333572887",546
455,"9780071124355",547
456,"9780521533850",548
457,"9781107681101",549
458,"9780749200442",550
459,"9780749287450",551
460,"9781107401983",552
461,"9780521476607",553
462,"9781859644843",554
463,"9781859645017",555
464,"9780335203857",556
465,"9780131401990",557
466,"9780582776456",558
467,"9780194570688",559
468,"9780521568449",560
469,"9780194313698",561
470,"9780521477970",562
471,"9780194314565",563
472,"9780470688304",564
473,"9780470057520",565
474,"9781859646885",566
475,"9781859641316",567
476,"9788466817530",568
477,"9788466817523",569
478,"9780521731768",570
479,"9780521843119",571
480,"9780521189392",572
481,"9780521189064",573
482,"9780521559287",574
483,"9780521436809",575
484,"9780521498685",576
485,"9780582403833",577
486,"9780582033900",578
487,"9780521627122",579
488,"9780582405745",580
489,"9781408299111",581
490,"9781408299159",582
491,"9781408299135",583
492,"9780521713757",584
493,"9780521604628",585
494,"9781405071437",586
495,"9781405070515",587
496,"9780230463769",588
497,"9780230463752",589
498,"9780230727113",590
499,"9780230727069",591
500,"9781405007627",592
501,"9780435241223",593
502,"9780230726963",594
503,"9780435241209",595
504,"9780230727014",596
505,"9780230727021",597
506,"9780521657587",598
507,"9780521669948",599
508,"9784384036091",600
509,"9780194366335",601
510,"9780194397025",602
511,"9780194366342",603
512,"9780194397049",604
513,"9780194366243",605
514,"9780194489164",606
515,"9780194397063",607
516,"9780194490382",608
517,"9780194490177",609
518,"9780194329996",610
519,"9780194309141",611
520,"9780194309134",612
521,"9780194579803",613
522,"9780194309165",614
523,"9781424018086",615
524,"9781424018055",616
525,"9780003705638",617
526,"9788466815291",618
527,"9788466815666",619
528,"9780007499557",620
529,"9780007499533",621
530,"9780007499670",622
531,"9780007499632",623
532,"9780007499625",624
533,"9780194370042",625
534,"9780582848627",626
535,"9780521625975",627
536,"9780140816716",628
537,"9780521532860",629
538,"9780194557108",630
539,"9781873630174",631
540,"9781905085545",632
541,"9780953132317",633
542,"9780194313582",634
543,"9781899396061",635
544,"9781905085538",636
545,"9781905085521",637
546,"9781408261958",638
547,"9781859645543",639
548,"9780007464678",640
549,"9780007464661",641
550,"9780007499656",642
551,"9780007499649",643
552,"9780007499687",644
553,"9780007499571",645
554,"9780007499540",646
555,"9780759396272",647
556,"9788466815284",648
557,"9780521653978",649
558,"9780521707800",650
559,"9780521011716",651
560,"9780521665681",652
561,"9780521423960",653
562,"9780521664356",654
563,"9780521677431",655
564,"9780003709391",656
565,"9781901659115",657
566,"9780582312708",658
567,"9781901659214",659
568,"9780948549977",660
569,"9780956212702",661
570,"9780521789578",662
571,"9781869981617",663
572,"9780582468771",664
573,"9780582468788",665
574,"9780521182201",666
575,"9780521599573",667
576,"9780521149884",668
577,"9780521527279",669
578,"9780521603782",670
579,"9781859644881",671
580,"9781859648988",672
581,"9780521689397",673
582,"9780131376199",674
583,"9780131376175",675
584,"9780131833081",676
585,"9781906438722",677
586,"9780521692472",678
587,"9780521692465",679
588,"9781405096164",680
589,"9780007423262",681
590,"9780007423279",682
591,"9780007423255",683
592,"9780007423248",684
593,"9780007460625",685
594,"9780007598137",686
595,"9780230009486",687
596,"9780230009455",688
597,"9780230009448",689
598,"9781420230192",690
599,"9780230462144",691
600,"9780230462175",692
601,"9780230463394",693
602,"9780230463400",694
603,"9781905085637",695
604,"9781905085644",696
605,"9781905085620",697
606,"9780521179225",698
607,"9780521709750",699
608,"9780007460649",700
609,"9780007460656",701
610,"9780007456826",702
611,"9780951958254",703
612,"9780462098975",704
613,"9781901659603",705
614,"9780007456833",706
615,"9780230410565",707
616,"9780007460632",708
617,"9781133313199",709
618,"9781133313861",710
619,"9781133315568",711
620,"9780462007472",712
621,"9780462000282",713
622,"9780462007519",714
623,"9780521615273",715
624,"9781133318941",716
625,"9781133318965",717
626,"9781133317494",718
627,"9781107401976",719
628,"9780521179485",720
629,"9780521179560",721
630,"9780521185158",722
631,"9781107634381",723
632,"9781107625082",724
633,"9781107609648",725
634,"9780230439979",726
635,"9780230439931",727
636,"9780975183229",728
637,"9781408259016",729
638,"9780582837911",730
639,"9780582447738",731
640,"9780582447721",732
641,"9781408239179",733
642,"9781408241363",734
643,"9780521009492",735
644,"9780521011488",736
645,"9780521629317",737
646,"9781859645772",738
647,"9781859645765",739
648,"9781859645574",740
649,"9780194705271",741
650,"9780194575478",742
651,"9780194575355",743
652,"9781405017220",744
653,"9780230425798",745
654,"9781405013925",746
655,"9781405013956",747
656,"9780230425804",748
657,"9780230422100",749
658,"9780230425750",750
659,"9780230422780",751
660,"9780230425743",752
661,"9781405080798",753
662,"9781405080781",754
663,"9781405831642",755
664,"9780582829121",756
665,"9780582829152",757
666,"9781413009552",758
667,"9781413009583",759
668,"9781413009637",760
669,"9781413009668",761
670,"9781133316626",762
671,"9781133316206",763
672,"9781133313021",764
673,"9780521680905",765
674,"9780521680899",766
675,"9780521608749",767
676,"9780521608824",768
677,"9780521608855",769
678,"9780521608831",770
679,"9780521608756",771
680,"9781107620698",772
681,"9780195516647",773
682,"9780230732186",774
683,"9780521532976",775
684,"9780521533010",776
685,"9781405014045",777
686,"9780230028852",778
687,"9780958760461",779
688,"9780958760478",780
689,"9780868031422",781
690,"9780195540932",782
691,"9780195516319",783
692,"9780195540949",784
693,"9780908537259",785
694,"9788466817455",786
695,"9781405838375",787
696,"9780521128209",788
697,"9781107470279",789
698,"9781285837802",790
699,"9780470801802",791
700,"9781742467047",792
701,"9781906438869",793
702,"9780521755344",794
703,"9780521497671",795
704,"9780521775311",796
705,"9780521013338",797
706,"9780521544627",798
707,"9780521677011",799
708,"9780521693073",800
709,"9780521739191",801
710,"9780521173803",802
711,"9780521173780",803
712,"9781107645622",804
713,"9781906438463",805
714,"9780582514577",806
715,"9780582846456",807
716,"9780582471696",808
717,"9781408267905",809
718,"9780007499694",810
719,"9780521608725",811
720,"9781405815611",812
721,"9781405820080",813
722,"9780435241063",814
723,"9780194338769",815
724,"9780521421409",816
725,"9780194338745",817
726,"9780194338752",818
727,"9781133316039",819
728,"9781133315698",820
729,"9781405826860",821
730,"9780582273627",822
731,"9780582259003",823
732,"9788466806015",824
733,"9780194357296",825
734,"9780194339933",826
735,"9780194339926",827
736,"9780194715096",828
737,"9780194366663",829
738,"9780194366656",830
739,"9780194369350",831
740,"9780333924402",832
741,"9780194770521",833
742,"9781405852272",834
743,"9781447936862",835
744,"9781447936831",836
745,"9780194355292",837
746,"9780194307260",838
747,"9780194355193",839
748,"9780194355209",840
749,"9780194384254",841
750,"9780435282608",842
751,"9780194304788",843
752,"9780194129541",844
753,"9780194302364",845
754,"9780435282561",846
755,"9780582245631",847
756,"9780582217058",848
757,"9780194307253",849
758,"9780194357234",850
759,"9780194357210",851
760,"9780521627047",852
761,"9780582498044",853
762,"9780521627054",854
763,"9781133315681",855
764,"9781133316077",856
765,"9788466807012",857
766,"9780194518697",858
767,"9781408219300",859
768,"9780521378536",860
769,"9780582825093",861
770,"9781447936930",862
771,"9780521697804",863
772,"9781107620971",864
773,"9780194338004",865
774,"9780194338011",866
775,"9780194338028",867
776,"9780230458291",868
777,"9781111031091",869
778,"9780521425681",870
779,"9780521425698",871
780,"9780194307277",872
781,"9781107466517",873
782,"9780194572200",874
783,"9780194572217",875
784,"9780521378512",876
785,"9780521697774",877
786,"9781107667433",878
787,"9780521157179",879
788,"9780521739894",880
789,"9781405075480",881
790,"9780230414006",882
791,"9780230020795",883
792,"9781405075251",884
793,"9780194384339",885
794,"9780194595964",886
795,"9780194384360",887
796,"9788466810609",888
797,"9788466810586",889
798,"9780194340755",890
799,"9780194340878",891
800,"9780194340748",892
801,"9780759396203",893
802,"9780759396241",894
803,"9780582297838",895
804,"9780194304795",896
805,"9780194366717",897
806,"9780194366700",898
807,"9780194715850",899
808,"9780194769662",900
809,"9780194369367",901
810,"9780435240202",902
811,"9781408216804",903
812,"9781408259511",904
813,"9781408219324",905
814,"9781859647066",906
815,"9781859647073",907
816,"9781859647059",908
817,"9780582403970",909
818,"9780582506589",910
819,"9781405885355",911
820,"9781405826877",912
821,"9781405884297",913
822,"9780521724579",914
823,"9780415564717",915
824,"9780194371674",916
825,"9781859644409",917
826,"9781408220030",918
827,"9781859644485",919
828,"9780521128285",920
829,"9780521748629",921
830,"9780521749404",922
831,"9780230455238",923
832,"9780521754507",924
833,"9780194739467",925
834,"9780194768184",926
835,"9780194739405",927
836,"9780194739450",928
837,"9781408220047",929
838,"9781408220085",930
839,"9781408237090",931
840,"9780521132176",932
841,"9781107422315",933
842,"9780435289164",934
843,"9780521648493",935
844,"9780333990940",936
845,"9780333990964",937
846,"9780333990957",938
847,"9780230732544",939
848,"9780521438728",940
849,"9781859649367",941
850,"9781859649442",942
851,"9780194569750",943
852,"9780521184694",944
853,"9780230732506",945
854,"9780521743419",946
855,"9780521743426",947
856,"9781405012942",948
857,"9781405082211",949
858,"9780521754491",950
859,"9780521547253",951
860,"9780521479004",952
861,"9780194551038",953
862,"9780194551069",954
863,"9781859644416",955
864,"9781859644454",956
865,"9780415341554",957
866,"9781441994004",958
867,"9780273726937",959
868,"9780521676854",960
869,"9780521603362",961
870,"9780194392990",962
871,"9780194366724",963
872,"9780194393003",964
873,"9780194702249",965
874,"9780194702232",966
875,"9780194702256",967
876,"9781408216651",968
877,"9781405826884",969
878,"9781405885348",970
879,"9780194338103",971
880,"9780194338097",972
881,"9780194338080",973
882,"9781408237144",974
883,"9781447961499",975
884,"9781405884280",976
885,"9783125084520",977
886,"9780582404151",978
887,"9781408237151",979
888,"9780194770200",980
889,"9780194768641",981
890,"9780194373296",982
891,"9780194373258",983
892,"9780194518000",984
893,"9780582403987",985
894,"9780194768771",986
895,"9780230430280",987
896,"9781408219317",988
897,"9780194305402",989
898,"9780194129565",990
899,"9780194302425",991
900,"9780194335560",992
901,"9780194335577",993
902,"9788466810616",994
903,"9788466810630",995
904,"9781408267271",996
905,"9781405843218",997
906,"9781405822602",998
907,"9780194330800",999
908,"9788853615466",1000
909,"9781107466845",1001
910,"9780582046658",1002
911,"9780582297852",1003
912,"9780333757550",1004
913,"9780333757581",1005
914,"9780759396258",1006
915,"9780759398429",1007
916,"9780759398436",1008
917,"9780759398412",1009
918,"9780194340793",1010
919,"9780194340885",1011
920,"9780194340786",1012
921,"9780521435529",1013
922,"9780582302105",1014
923,"9780582302075",1015
924,"9780582825178",1016
925,"9781447937579",1017
926,"9780194518048",1018
927,"9780194518895",1019
928,"9780194304856",1020
929,"9780194305419",1021
930,"9780194340861",1022
931,"9780194340823",1023
932,"9781899396160",1024
933,"9780435282691",1025
934,"9780462007281",1026
935,"9780521169714",1027
936,"9780194368629",1028
937,"9780521603379",1029
938,"9780521151702",1030
939,"9780194330862",1031
940,"9781408297797",1032
941,"9780759398498",1033
942,"9780759398474",1034
943,"9780759398481",1035
944,"9780759398504",1036
945,"9780521574822",1037
946,"9780521574839",1038
947,"9788466810647",1039
948,"9780194330855",1040
949,"9780194129572",1041
950,"9780435242350",1042
951,"9780194335607",1043
952,"9780194335614",1044
953,"9780194358033",1045
954,"9780194358002",1046
955,"9781408219331",1047
956,"9781408259559",1048
957,"9780333757642",1049
958,"9780333757604",1050
959,"9780194373319",1051
960,"9780582046641",1052
961,"9780582092679",1053
962,"9780582046689",1054
963,"9781408297780",1055
964,"9781405822589",1056
965,"9780435240349",1057
966,"9781405884570",1058
967,"9781405843515",1059
968,"9780582825260",1060
969,"9780582325265",1061
970,"9780582825253",1062
971,"9780582825284",1063
972,"9781447937012",1064
973,"9781447936879",1065
974,"9781408217054",1066
975,"9781405852302",1067
976,"9781405826891",1068
977,"9781408267301",1069
978,"9780194518673",1070
979,"9781405885362",1071
980,"9781408237335",1072
981,"9780194368650",1073
982,"9780194518420",1074
983,"9780521555494",1075
984,"9780521555500",1076
985,"9780521555470",1077
986,"9780582404168",1078
987,"9780582403994",1079
988,"9780333757543",1080
989,"9780194340922",1081
990,"9780333923412",1082
991,"9780333917404",1083
992,"9780230009271",1084
993,"9780333923443",1085
994,"9780521575812",1086
995,"9780521575829",1087
996,"9780194386883",1088
997,"9780521476904",1089
998,"9780521476911",1090
999,"9780521476874",1091
1000,"9780521476881",1092
1001,"9780582469433",1093
1002,"9780582469457",1094
1003,"9780194340939",1095
1004,"9781447936985",1096
1005,"9781133315728",1097
1006,"9780333923450",1098
1007,"9781405843645",1099
1008,"9780582469440",1100
1009,"9781408236932",1101
1010,"9781408236925",1102
1011,"9781408236918",1103
1012,"9781408240885",1104
1013,"9780521165211",1105
1014,"9780582825017",1106
1015,"9780521165273",1107
1016,"9780194594813",1108
1017,"9780194594585",1109
1018,"9780194369305",1110
1019,"9781413028546",1111
1020,"9781413028539",1112
1021,"9781413021844",1113
1022,"9780521144452",1114
1023,"9781408267318",1115
1024,"9780582841710",1116
1025,"9780582273535",1117
1026,"9780582273528",1118
1027,"9780194335638",1119
1028,"9780194335652",1120
1029,"9780521712781",1121
1030,"9780521712804",1122
1031,"9783125084230",1123
1032,"9780462098913",1124
1033,"9780415269964",1125
1034,"9781859645062",1126
1035,"9781439826034",1127
1036,"9781848163102",1128
1037,"9780273729525",1129
1038,"9780521154093",1130
1039,"9780195305074",1131
1040,"9781859649381",1132
1041,"9781859649466",1133
1042,"9780582209770",1134
1043,"9780199134090",1135
1044,"9781118570708",1136
1045,"9781859649473",1137
1046,"9780194573931",1138
1047,"9781413020533",1139
1048,"9780194573924",1140
1049,"9780521734882",1141
1050,"9780854046324",1142
1051,"9781859649398",1143
1052,"9780194579490",1144
1053,"9780194579483",1145
1054,"9781408236970",1146
1055,"9780273721703",1147
1056,"9781412905619",1148
1057,"9780415404204",1149
1058,"9780472034758",1150
1059,"9780472035069",1151
1060,"9780415709965",1152
1061,"9781441979216",1153
1062,"9781412916790",1154
1063,"9780335194520",1155
1064,"9781402094668",1156
1065,"9781403995803",1157
1066,"9781412934268",1158
1067,"9780472087136",1159
1068,"9780335235827",1160
1069,"9780521149594",1161
1070,"9780415475747",1162
1071,"9780631164357",1163
1072,"9780873529754",1164
1073,"9780230521308",1165
1074,"9781412947374",1166
1075,"9781904768562",1167
1076,"9780415403825",1168
1077,"9780230237087",1169
1078,"9780415261364",1170
1079,"9780335245932",1171
1080,"9781443823272",1172
1081,"9780194421904",1173
1082,"9781854318800",1174
1083,"9781859644188",1175
1084,"9781859415375",1176
1085,"9780304330119",1177
1086,"9780230236448",1178
1087,"9780421597402",1179
1088,"9780199532193",1180
1089,"9780521279468",1181
1090,"9780521279451",1182
1091,"9780521675178",1183
1092,"9788437078731",1184
1093,"9781855211070",1185
1094,"9780006862086",1186
1095,"9780333386989",1187
1096,"9780199271184",1188
1097,"9780199250493",1189
1098,"9780745614991",1190
1099,"9780194579247",1191
1100,"9780194023016",1192
1101,"9780194569576",1193
1102,"9780194023009",1194
1103,"9780194569569",1195
1104,"9781482250312",1196
1105,"9781844805273",1197
1106,"9780194573962",1198
1107,"9780194574921",1199
1108,"9780194573757",1200
1109,"9780194573764",1201
1110,"9780521685436",1202
1111,"9780194574075",1203
1112,"9781902741765",1204
1113,"9781405845540",1205
1114,"9781405881456",1206
1115,"9781408268056",1207
1116,"9781408267981",1208
1117,"9781405845458",1209
1118,"9781408229477",1210
1119,"9780521699273",1211
1120,"9781859644447",1212
1121,"9781857758627",1213
1122,"9781405881449",1214
1123,"9780194569545",1215
1124,"9780194574594",1216
1125,"9780194574587",1217
1126,"9780194574600",1218
1127,"9780194575430",1219
1128,"9780194575416",1220
1129,"9781408268063",1221
1130,"9780582539655",1222
1131,"9780582539631",1223
1132,"9780194388276",1224
1133,"9780194569507",1225
1134,"9780194569538",1226
1135,"9780194569514",1227
1136,"9780194575423",1228
1137,"9780132454773",1229
1138,"9780132454742",1230
1139,"9780132454766",1231
1140,"9780132454759",1232
1141,"9780521165280",1233
1142,"9780521165242",1234
1143,"9780521165310",1235
1144,"9780521179584",1236
1145,"9780521179508",1237
1146,"9781107642812",1238
1147,"9781442528031",1239
1148,"9781107607149",1240
1149,"9780521165228",1241
1150,"9780582825307",1242
1151,"9781447972518",1243
1152,"9781405826389",1244
1153,"9780521739900",1245
1154,"9780521603409",1246
1155,"9780230033047",1247
1156,"9781405863810",1248
1157,"9780194768696",1249
1158,"9781408216583",1250
1159,"9781408254288",1251
1160,"9781405800563",1252
1161,"9780194305129",1253
1162,"9780582506572",1254
1163,"9781405826433",1255
1164,"9780230033139",1256
1165,"9780521697798",1257
1166,"9780194769617",1258
1167,"9781408254295",1259
1168,"9781405800495",1260
1169,"9781405826495",1261
1170,"9780582506558",1262
1171,"9781408291559",1263
1172,"9780194383844",1264
1173,"9781405800648",1265
1174,"9781408254271",1266
1175,"9780194305136",1267
1176,"9780521712828",1268
1177,"9781408224700",1269
1178,"9780194594837",1270
1179,"9780194386890",1271
1180,"9780230009301",1272
1181,"9781408254301",1273
1182,"9780194711241",1274
1183,"9781133313854",1275
1184,"9780462007502",1276
1185,"9780462007540",1277
1186,"9781133318224",1278
1187,"9780521013369",1279
1188,"9780521544658",1280
1189,"9780521677042",1281
1190,"9780521693103",1282
1191,"9780521173797",1283
1192,"9780230439986",1284
1193,"9781408239155",1285
1194,"9781405815307",1286
1195,"9780582829145",1287
1196,"9781133316619",1288
1197,"9781413013979",1289
1198,"9780230425811",1290
1199,"9781405013970",1291
1200,"9781405080804",1292
1201,"9780230425767",1293
1202,"9780194575362",1294
1203,"9780521544696",1295
1204,"9780521680929",1296
1205,"9780521680943",1297
1206,"9780521608800",1298
1207,"9780521608770",1299
1208,"9780230732216",1300
1209,"9780521544702",1301
1210,"9780194532044",1302
1211,"9780521132183",1303
1212,"9780194576468",1304
1213,"9780194748070",1305
1214,"9780194768139",1306
1215,"9780194768269",1307
1216,"9780230717268",1308
1217,"9780582840539",1309
1218,"9780194555067",1310
1219,"9781408259962",1311
1220,"9781408219744",1312
1221,"9781408219928",1313
1222,"9781408219560",1314
1223,"9781405813129",1315
1224,"9780230438019",1316
1225,"9780194579568",1317
1226,"9780521752886",1318
1227,"9780521754521",1319
1228,"9780521743433",1320
1229,"9780521547284",1321
1230,"9781405845472",1322
1231,"9780194569583",1323
1232,"9780194023030",1324
1233,"9781405845564",1325
1234,"9781408229453",1326
1235,"9780194569521",1327
1236,"9780194569552",1328
1237,"9780194575454",1329
1238,"9780194574617",1330
1239,"9780521539135",1331
1240,"9781405848329",1332
1241,"9781107687349",1333
1242,"9781107628540",1334
1243,"9780194800433",1335
1244,"9781107644502",1336
1245,"9781107647275",1337
1246,"9781405848732",1338
1247,"9781405848657",1339
1248,"9781107470217",1340
1249,"9781107694484",1341
1250,"9780582507302",1342
1251,"9780582507289",1343
1252,"9780230028913",1344
1253,"9780194705233",1345
1254,"9781424016846",1346
1255,"9780521004558",1347
1256,"9780521776844",1348
1257,"9780582434646",1349
1258,"9781408236956",1350
1259,"9781408268032",1351
1260,"9780194739481",1352
1261,"9788466813631",1353
1262,"9780582854611",1354
1263,"9780194768221",1355
1264,"9780194531979",1356
1265,"9780194531818",1357
1266,"9780194531986",1358
1267,"9780230437807",1359
1268,"9780230437968",1360
1269,"9780230437975",1361
1270,"9780521671163",1362
1271,"9780521672955",1363
1272,"9780521657518",1364
1273,"9780194748032",1365
1274,"9780194748001",1366
1275,"9780194748094",1367
1276,"9780521755375",1368
1277,"9780194513968",1369
1278,"9780521775298",1370
1279,"9780521749237",1371
1280,"9780521540704",1372
1281,"9780521128292",1373
1282,"9780521722155",1374
1283,"9780521124607",1375
1284,"9780521609753",1376
1285,"9780521609760",1377
1286,"9780521753623",1378
1287,"9780521446211",1379
1288,"9780521446204",1380
1289,"9780194513845",1381
1290,"9780194572354",1382
1291,"9780194572347",1383
1292,"9780230717060",1384
1293,"9780230717244",1385
1294,"9780230455351",1386
1295,"9780175559893",1387
1296,"9781405843409",1388
1297,"9781905085668",1389
1298,"9781905085675",1390
1299,"9780194574969",1391
1300,"9780194597432",1392
1301,"9780521547260",1393
1302,"9780521752855",1394
1303,"9780521483537",1395
1304,"9780521752862",1396
1305,"9780194570978",1397
1306,"9780194597395",1398
1307,"9780582848016",1399
1308,"9780582846920",1400
1309,"9781408255995",1401
1310,"9780582847965",1402
1311,"9780582846883",1403
1312,"9780582846968",1404
1313,"9780521149921",1405
1314,"9781408220016",1406
1315,"9780521448055",1407
1316,"9780521617291",1408
1317,"9780521587341",1409
1318,"9780521533409",1410
1319,"9781405813457",1411
1320,"9781405843478",1412
1321,"9781408249499",1413
1322,"9781408220023",1414
1323,"9781408220054",1415
1324,"9781408220061",1416
1325,"9781408220078",1417
1326,"9780759398566",1418
1327,"9780435240370",1419
1328,"9780435240363",1420
1329,"9780435242107",1421
1330,"9780521539111",1422
1331,"9781900783798",1423
1332,"9780582435230",1424
1333,"9780582838208",1425
1334,"9780582328389",1426
1335,"9781447922278",1427
1336,"9780582507203",1428
1337,"9780906717462",1429
1338,"9781447922254",1430
1339,"9781408237038",1431
1340,"9780582817975",1432
1341,"9780582817982",1433
1342,"9780333444887",1434
1343,"9781842360644",1435
1344,"9780521626125",1436
1345,"9780194324298",1437
1346,"9780582064614",1438
1347,"9780194306447",1439
1348,"9780194306478",1440
1349,"9781873775189",1441
1350,"9780521181983",1442
1351,"9780900823855",1443
1352,"9780900823879",1444
1353,"9789279028649",1445
1354,"9789289477598",1446
1355,"9789289400770",1447
1356,"9789282876046",1448
1357,"9783190026555",1449
1358,"9780333597897",1450
1359,"9780333535158",1451
1360,"9780194542456",1452
1361,"9780582790889",1453
1362,"9780194327848",1454
1363,"9780435280413",1455
1364,"9780752578231",1456
1365,"9780099403272",1457
1366,"9780521586627",1458
1367,"9780752578248",1459
1368,"00462983",1460
1369,"9780956195708",1461
1370,"9789960562858",1462
1371,"9780194313339",1463
1372,"9780521586610",1464
1373,"9783125133693",1465
1374,"9780333974483",1466
1375,"9780194322911",1467
1376,"9780750238311",1468
1377,"9789279036095",1469
1378,"9781841650425",1470
1379,"9780744555813",1471
1380,"9780711702271",1472
1381,"9780853724858",1473
1382,"9780853729891",1474
1383,"9780333974520",1475
1384,"9780333974476",1476
1385,"9780851001210",1477
1386,"9780853729433",1478
1387,"9780750948968",1479
1388,"9780194592536",1480
1389,"9780749508913",1481
1390,"9781847461391",1482
1391,"9788586720192",1483
1392,"9781872826110",1484
1393,"9780521165266",1485
1394,"9780521165204",1486
1395,"9780521544894",1487
1396,"9780131363342",1488
1397,"9781424071142",1489
1398,"9781424071111",1490
1399,"9780194309226",1491
1400,"9780952280859",1492
1401,"9780521614030",1493
1402,"9788466814119",1494
1403,"9781285750712",1495
1404,"9780472030293",1496
1405,"9780194417235",1497
1406,"9780132803069",1498
1407,"9781901130010",1499
1408,"9780752554082",1500
1409,"9780864423207",1501
1410,"9780750944175",1502
1411,"9780761913382",1503
1412,"9781904154310",1504
1413,"9781904736714",1505
1414,"9780600566212",1506
1415,"9788466810661",1507
1416,"9780194517966",1508
1417,"9780194331159",1509
1418,"9781781640982",1510
1419,"9781781640999",1511
1420,"9788488378057",1512
1421,"9781859648971",1513
1422,"9780230458277",1514
1423,"9781111054120",1515
1424,"9780230423244",1516
1425,"9781111034054",1517
1426,"9781111034047",1518
1427,"9781424027965",1519
1428,"9781424028016",1520
1429,"9781905248483",1521
1430,"9781408216552",1522
1431,"9781408259474",1523
1432,"9780230423206",1524
1433,"9780230423305",1525
1434,"9780230424470",1526
1435,"9780230423343",1527
1436,"9780230423404",1528
1437,"9788466818575",1529
1438,"9780521131865",1530
1439,"9781107601567",1531
1440,"9781107601536",1532
1441,"9780521131896",1533
1442,"9780194518888",1534
1443,"9781405086189",1535
1444,"9780582427839",1536
1445,"9780713679144",1537
1446,"9780521186421",1538
1447,"9780333757659",1539
1448,"9781859644720",1540
1449,"9780521712408",1541
1450,"9780521712392",1542
1451,"9781899791835",1543
1452,"9780521712385",1544
1453,"9781405318556",1545
1454,"9780194579742",1546
1455,"9780706367690",1547
1456,"9780706367706",1548
1457,"9780706366617",1549
1458,"9781843581246",1550
1459,"9780330436472",1551
1460,"9781900032148",1552
1461,"9781107695917",1553
1462,"9780521629188",1554
1463,"9780521629195",1555
1464,"9780135311202",1556
1465,"9780194533546",1557
1466,"9780521499002",1558
1467,"9780521498999",1559
1468,"9780521754446",1560
1469,"9780521799171",1561
1470,"9781405848695",1562
1471,"9781405876780",1563
1472,"9780521714518",1564
1473,"9781107428577",1565
1474,"9781107428447",1566
1475,"9781107628304",1567
1476,"9781107643949",1568
1477,"9781107470187",1569
1478,"9781906438258",1570
1479,"9781107628359",1571
1480,"9781107428560",1572
1481,"9780230460911",1573
1482,"9780521654166",1574
1483,"9788466817479",1575
1484,"960-361-043-7",1576
1485,"9781107648982",1577
1486,"9780230462809",1578
1487,"9780230460942",1579
1488,"960-361-042-9",1580
1489,"9780194568753",1581
1490,"9781405880824",1582
1491,"9781906438487",1583
1492,"9781405848749",1584
1493,"9781405881234",1585
1494,"9780582518124",1586
1495,"9780194533652",1587
1496,"9780194533676",1588
1497,"9780194533645",1589
1498,"9780194328296",1590
1499,"9780521624862",1591
1500,"9781873630150",1592
1501,"9780521499859",1593
1502,"9780521625760",1594
1503,"9780521499880",1595
1504,"9780521625753",1596
1505,"9781405017473",1597
1506,"9780194328302",1598
1507,"9780194328265",1599
1508,"960-361-041-0",1600
1509,"960-361-037-2",1601
1510,"9780194829120",1602
1511,"9781424016808",1603
1512,"9781906438760",1604
1513,"9781424016785",1605
1514,"9780194800273",1606
1515,"9788466802604",1607
1516,"9780194511926",1608
1517,"9781408007624",1609
1518,"9780521499866",1610
1519,"960-361-044-5",1611
1520,"9780582306080",1612
1521,"9781107501416",1613
1522,"9780194800396",1614
1523,"9780194800464",1615
1524,"9780194800495",1616
1525,"9780194800648",1617
1526,"9780521466462",1618
1527,"9780521485333",1619
1528,"9780582823914",1620
1529,"9781405848381",1621
1530,"9780582338043",1622
1531,"9780194533447",1623
1532,"9780194534277",1624
1533,"9780194533461",1625
1534,"9780521447119",1626
1535,"9781405848664",1627
1536,"9781405876810",1628
1537,"9781405876803",1629
1538,"9780582337985",1630
1539,"9781408267875",1631
1540,"9780582325708",1632
1541,"9781405880794",1633
1542,"9781107698383",1634
1543,"9781107681453",1635
1544,"9781107657557",1636
1545,"9780521447096",1637
1546,"9780521447102",1638
1547,"9780230727946",1639
1548,"9781906438470",1640
1549,"9781107418387",1641
1550,"9781107417908",1642
1551,"9780582323407",1643
1552,"9781107654969",1644
1553,"9780194533478",1645
1554,"9780230462830",1646
1555,"9780521799904",1647
1556,"9780230028869",1648
1557,"9780582325692",1649
1558,"9780521556835",1650
1559,"9780521566629",1651
1560,"9780521603775",1652
1561,"9780194705189",1653
1562,"9781107616776",1654
1563,"9781906438456",1655
1564,"9780194705257",1656
1565,"9781107691643",1657
1566,"9780582504776",1658
1567,"9780194568814",1659
1568,"9780521566636",1660
1569,"9780521635523",1661
1570,"9780582507340",1662
1571,"9780582507272",1663
1572,"9780194332446",1664
1573,"9780194332439",1665
1574,"9780582451001",1666
1575,"9780521635530",1667
1576,"9780521007894",1668
1577,"9780582529984",1669
1578,"9780582363380",1670
1579,"9780582771208",1671
1580,"9780194329125",1672
1581,"9780194329132",1673
1582,"9780713528312",1674
1583,"9780521797139",1675
1584,"9780194514002",1676
1585,"9780194817295",1677
1586,"9780521527552",1678
1587,"9780194534475",1679
1588,"9780194800631",1680
1589,"9780521805780",1681
1592,"ELTC0200",1684
1593,"ELTC0166",1685
1594,"ELTC0076",1686
1595,"ELTC0024",1687
1596,"ELTC0096",1688
1597,"ELTC0137",1689
1598,"ELTC0113",1690
1599,"ELTC0070",1691
1600,"ELTC0071",1692
1601,"ELTC0112",1693
1602,"ELTC0065",1694
1603,"ELTC0066",1695
1604,"ELTC0067",1696
1605,"ELTC0068",1697
1606,"ELTC0114",1698
1607,"ELTC0115",1699
1608,"ELTC0138",1700
1609,"ELTC0072",1701
1610,"ELTC0074",1702
1611,"ELTC0118",1703
1612,"9780582772991",1704
1613,"ELTC0073",1705
1614,"ELTC0139",1706
1615,"ELTC0083",1707
1616,"ELTC0117",1708
1617,"ELTC0084",1709
1618,"ELTC0075",1710
1619,"ELTC0085",1711
1620,"ELTC0116",1712
1621,"ELTC0119",1713
1622,"ELTC0080",1714
1623,"ELTC0086",1715
1624,"ELTC0141",1716
1625,"ELTC0087",1717
1626,"ELTC0081",1718
1627,"ELTC0120",1719
1628,"ELTC0121",1720
1629,"ELTC0082",1721
1630,"ELTC0140",1722
1631,"ELTC0122",1723
1632,"ELTC0142",1724
1633,"ELTC0143",1725
1634,"ELTC0078",1726
1635,"ELTC0123",1727
1636,"ELTC0077",1728
1637,"ELTC0144",1729
1638,"ELTC0125",1730
1639,"ELTC0145",1731
1640,"ELTC0079",1732
1641,"ELTC0127",1733
1642,"ELTC0128",1734
1643,"ELTC0154",1735
1644,"ELTC0129",1736
1645,"ELTC0130",1737
1646,"ELTC0151",1738
1647,"ELTC0152",1739
1648,"ELTC0131",1740
1649,"ELTC0153",1741
1650,"ELTC0132",1742
1651,"ELTC0133",1743
1652,"ELTC0161",1744
1653,"ELTC0134",1745
1654,"ELTC0135",1746
1655,"ELTC0162",1747
1656,"ELTC0136",1748
1657,"ELTC0190",1749
1658,"ELTC0191",1750
1659,"ELTC0179",1751
1660,"ELTC0164",1752
1661,"ELTC0181",1753
1662,"ELTC0165",1754
1663,"ELTC0192",1755
1664,"ELTC0193",1756
1665,"ELTC0155",1757
1666,"ELTC0163",1758
1667,"ELTC0182",1759
1668,"ELTC0183",1760
1669,"ELTC0184",1761
1670,"ELTC0194",1762
1671,"ELTC0195",1763
1672,"ELTC0185",1764
1673,"ELTC0199",1765
1674,"ELTC0187",1766
1675,"ELTC0147",1767
1676,"ELTC0146",1768
1677,"ELTC0186",1769
1678,"ELTC0198",1770
1679,"ELTC0197",1771
1680,"ELTC0196",1772
1681,"ELTC0189",1773
1682,"ELTC0188",1774
1683,"ELTC0180",1775
1684,"ELTC0201",1776
1685,"ELTC0034",1777
1686,"ELTC0004",1778
1687,"ELTC0042",1779
1688,"ELTC0043",1780
1689,"ELTC0033",1781
1690,"ELTC0005",1782
1691,"ELTC0050",1783
1692,"ELTC0051",1784
1693,"ELTC0052",1785
1694,"ELTC0053",1786
1695,"ELTC0007",1787
1696,"ELTC0006",1788
1697,"ELTC0044",1789
1698,"ELTC0054",1790
1699,"ELTC0055",1791
1700,"ELTC0008",1792
1701,"ELTC0009",1793
1702,"ELTC0045",1794
1703,"ELTC0040",1795
1704,"ELTC0041",1796
1705,"ELTC0056",1797
1706,"ELTC0046",1798
1707,"ELTC0010",1799
1708,"9781133950998",1800
1709,"9780136005162",1801
1710,"9780136005148",1802
1711,"9780132424295",1803
1712,"9780130948571",1804
1713,"9780130948618",1805
1714,"9780230440319",1806
1715,"9781413005967",1807
1716,"ELTC0035",1808
1717,"ELTC0037",1809
1718,"ELTC0058",1810
1719,"ELTC0011",1811
1720,"9781413005981",1812
1721,"ELTC0012",1813
1722,"9782761348201",1814
1723,"9780131361911",1815
1724,"9780521000246",1816
1725,"ELTC0036",1817
1726,"ELTC0038",1818
1727,"9780194309660",1819
1728,"9780194309691",1820
1729,"9781859647998",1821
1730,"9781859647790",1822
1731,"9780521548588",1823
1732,"ELTC0025",1824
1733,"9780132548359",1825
1734,"ELTC0060",1826
1735,"ELTC0013",1827
1736,"ELTC0061",1828
1737,"ELTC0062",1829
1738,"ELTC0030",1830
1739,"ELTC0031",1831
1740,"9780521182027",1832
1741,"9780131358065",1833
1742,"9780131358065",1834
1743,"9780132075183",1835
1744,"9780131358102",1836
1745,"9781859645277",1837
1746,"9781859649671",1838
1747,"ELTC0039",1839
1748,"9780194302371",1840
1749,"9780521691673",1841
1750,"9781424012534",1842
1751,"9781424012541",1843
1752,"9781424012558",1844
1753,"9781424012565",1845
1754,"9781424012572",1846
1755,"9781424012589",1847
1756,"9780194417198",1848
1757,"9780194417112",1849
1758,"9780194417037",1850
1759,"9781405897563",1851
1760,"ELTC0002",1852
1761,"ELTC0003",1853
1762,"ELTC0032",1854
1763,"9781405800532",1855
1764,"9781859644737",1856
1765,"9781424029464",1857
1766,"9781424029464",1858
1767,"9781111356446",1859
1768,"9780194593977",1860
1769,"9781111055776",1861
1770,"9781424029433",1862
1771,"9781424029433",1863
1772,"9781424029440",1864
1773,"9781424029457",1865
1774,"9780194593939",1866
1775,"9780194518161",1867
1776,"9780194518543",1868
1777,"9780135058909",1869
1778,"9781111350420",1870
1779,"9781111350437",1871
1780,"ELTC0026",1872
1781,"9780521150064",1873
1782,"ELTC0063",1874
1783,"ELTC0064",1875
1784,"9780521183543",1876
1785,"9780521006590",1877
1786,"9780521672641",1878
1787,"ELTC0014",1879
1788,"ELTC0015",1880
1789,"9780194372879",1881
1790,"9780194372886",1882
1791,"ELTC0069",1883
1792,"9781877074035",1884
1793,"ELTC0016",1885
1794,"9780194386081",1886
1795,"ELTC0017",1887
1796,"ELTC0018",1888
1797,"9780194490245",1889
1798,"9781408299289",1890
1799,"9781408299265",1891
1800,"ELTC0089",1892
1801,"ELTC0020",1893
1802,"ELTC0019",1894
1803,"ELTC0022",1895
1804,"ELTC0023",1896
1805,"ELTC0021",1897
1806,"9780230422797",1898
1807,"5060002832608",1899
1808,"044005976021",1900
1809,"5039036006583",1901
1810,"5050582037272",1902
1811,"5014503179427",1903
1812,"5039036029643",1904
1813,"3259190383999",1905
1814,"5060116725131",1906
1815,"5060116723175",1907
1816,"7321902174921",1908
1817,"7321900593885",1909
1818,"5023093000356",1910
1819,"5023093000332",1911
1820,"5023093050115",1912
1821,"5020609005799",1913
1822,"5060037261145",1914
1823,"5060087870052",1915
1824,"5017239194696",1916
1825,"5050582206609",1917
1826,"8717418090500",1918
1827,"5037115102331",1919
1828,"5051892011273",1920
1829,"5050582261103",1921
1830,"5035822198036",1922
1831,"5017188884709",1923
1832,"5035822182837",1924
1833,"5030305513375",1925
1834,"5014437926135",1926
1835,"5017239192357",1927
1836,"5039036029223",1928
1837,"5037115013637",1929
1838,"5014503118129",1930
1839,"4716446402143",1931
1840,"5051561030413",1932
1841,"5055159277969",1933
1842,"5050582425376",1934
1843,"5014503111526",1935
1844,"6867449008790",1936
1845,"5060034576556",1937
1846,"5035822450998",1938
1847,"6867449009599",1939
1848,"5050070009347",1940
1849,"9780194226639",1941
1850,"719698415095",1942
1851,"602498495902",1943
1852,"ELTC0149",1944
1853,"ELTC0158",1945
1854,"ELTC0256",1946
1855,"ELTC0160",1947
1856,"ELTC0159",1948
1857,"ELTC0232",1949
1858,"ELTC0233",1950
1859,"ELTC0235",1951
1860,"ELTC0236",1952
1861,"9780521168090",1953
1862,"9780521132855",1954
1863,"ELTC0167",1955
1864,"ELTC0257",1956
1865,"9781859648018",1957
1866,"9781859647691",1958
1867,"9781859647677",1959
1868,"ELTC0169",1960
1869,"ELTC0170",1961
1870,"ELTC0240",1962
1871,"ELTC0241",1963
1872,"ELTC0242",1964
1873,"ELTC0243",1965
1874,"9780521152235",1966
1875,"9780521537193",1967
1876,"ELTC0238",1968
1877,"9780194741903",1969
1878,"9780194741910",1970
1879,"9780194741927",1971
1880,"ELTC0237",1972
1881,"ELTC0244",1973
1882,"ELTC0245",1974
1883,"9780136133377",1975
1884,"9780136133155",1976
1885,"9780132056793",1977
1886,"9780132336734",1978
1887,"ELTC0250",1979
1888,"ELTC0249",1980
1889,"ELTC0248",1981
1890,"ELTC0247",1982
1891,"ELTC0246",1983
1892,"9781111350352",1984
1893,"9781111398156",1985
1894,"9781111398644",1986
1895,"9781111347802",1987
1896,"ELTC0254",1988
1897,"ELTC0253",1989
1898,"ELTC0252",1990
1899,"ELTC0251",1991
1900,"ELTC0255",1992
1901,"ELTC0234",1993
1902,"9780194756075",1994
1903,"9781859648148",1995
1904,"9781859648063",1996
1905,"ELTC0258",1997
1906,"ELTC0259",1998
1907,"ELTC0260",1999
1908,"ELTC0261",2000
1909,"9780135139561",2001
1910,"9780138130107",2002
1911,"9780138130053",2003
1912,"9780131357266",2004
1913,"9780135139578",2005
1914,"9781111055783",2006
1915,"9781424043347",2007
1916,"9781424043361",2008
1917,"9781424043354",2009
1918,"9781424043378",2010
1919,"9781111356439",2011
1920,"ELTC0263",2012
1921,"ELTC0262",2013
1922,"ELTC0272",2014
1923,"ELTC0264",2015
1924,"ELTC0265",2016
1925,"ELTC0266",2017
1926,"ELTC0267",2018
1927,"ELTC0268",2019
1928,"ELTC0269",2020
1929,"9780194756327",2021
1930,"9780194756334",2022
1931,"9780194756341",2023
1932,"9780194756358",2024
1933,"9780521537537",2025
1934,"ELTC0273",2026
1935,"ELTC0274",2027
1936,"ELTC0275",2028
1937,"9781111032517",2029
1938,"9781111054908",2030
1939,"9781107639881",2031
1940,"9781107661325",2032
1941,"ELTC0276",2033
1942,"ELTC0277",2034
1943,"9780230423220",2035
1944,"9780230423329",2036
1945,"ELTC0281",2037
1946,"9780230423428",2038
1947,"ELTC0282",2039
1948,"9788466812825",2040
1949,"9788466812849",2041
1950,"9788466812870",2042
1951,"ELTC0283",2043
1952,"ELTC0279",2044
1953,"ELTC0280",2045
1954,"9780333974544",2046
1955,"9780333974506",2047
1956,"9780521183604",2048
1957,"9781408204603",2049
1958,"9780521568517",2050
1959,"9780952750918",2051
1960,"9780521338165",2052
1961,"9780521338172",2053
1962,"9780521269100",2054
1963,"9780863556982",2055
1964,"9780194372053",2056
1965,"9780521775342",2057
1966,"9780582368163",2058
1967,"9780230027190",2059
1968,"0521387949",2060
1969,"9781905085002",2061
1970,"9780582037663",2062
1971,"9783852722009",2063
1972,"9780521716116",2064
1973,"9780007155002",2065
1974,"9780563487012",2066
1975,"9781406610192",2067
1976,"9780521585569",2068
1977,"9780521134583",2069
1978,"9780906717615",2070
1979,"9780194422109",2071
1980,"9780194425780",2072
1981,"9780194371636",2073
1982,"9780521149846",2074
1983,"9781405080019",2075
1984,"9780230020832",2076
1985,"9780787977580",2077
1986,"9780194423687",2078
1987,"9781107628809",2079
1988,"9781623560850",2080
1989,"9781623560850",2081
1990,"9780415660938",2082
1991,"9780582329003",2083
1992,"9781408205006",2084
1993,"9781107634640",2085
1994,"9780521802123",2086
1995,"9780521783736",2087
1996,"9780194425940",2088
1997,"9781405853088",2089
1998,"9781898789161",2090
1999,"9781909783065",2091
2000,"9780521799614",2092
2001,"9780333350249",2093
2002,"9781137276308",2094
2003,"9780521633543",2095
2004,"9780838479094",2096
2005,"9780521157049",2097
2006,"9780748613304",2098
2007,"9781137023308",2099
2008,"9780810848184",2100
2009,"9780521121583",2101
2010,"9780521497688",2102
2011,"9780521276429",2103
2012,"9780194371391",2104
2013,"9780415303453",2105
2014,"9780335242757",2106
2015,"9780521556187",2107
2016,"9780521318372",2108
2017,"9781847874436",2109
2018,"9780521596756",2110
2019,"9780415261364",2111
2020,"9780521484664",2112
2021,"9780521484954",2113
2022,"9780582429673",2114
2023,"9780194372084",2115
2024,"9780805863116",2116
2025,"9780194371940",2117
2026,"9780521741880",2118
2027,"9780906717554",2119
2028,"9780521654173",2120
2029,"9780194372312",2121
2030,"9780194371926",2122
2031,"9780521645263",2123
2032,"9781905085347",2124
2033,"9788429450675",2125
2034,"9780194421942",2126
2035,"9781403994837",2127
2036,"9780521348195",2128
2037,"9780435240615",2129
2038,"9780521317092",2130
2039,"9780472030293",2131
2040,"9781424052530",2132
2041,"9780521690409",2133
2042,"9781905085200",2134
2043,"9781899396603",2135
2044,"9780954344726",2136
2045,"9780582429758",2137
2046,"9780582746213",2138
2047,"9780521407182",2139
2048,"9781405064101",2140
2049,"9780521794886",2141
2050,"9780521689519",2142
2051,"9780521278713",2143
2052,"9780521312769",2144
2053,"9780194421676",2145
2054,"9780521281690",2146
2055,"9780194370967",2147
2056,"9781905085873",2148
2057,"9780521140577",2149
2058,"9780472034598",2150
2059,"9780194372169",2151
2060,"9781405853101",2152
2061,"9780521639712",2153
2062,"9781447606789",2154
2063,"X0004WX5WH",2155
2064,"9780521016513",2156
2065,"9780582298361",2157
2066,"9780582369955",2158
2067,"9780582779983",2159
2068,"9780415414241",2160
2069,"9780521312240",2161
2070,"9780194425766",2162
2071,"9780194594639",2163
2072,"9780194356695",2164
2073,"9780194307604",2165
2074,"9780194307598",2166
2075,"9780194307581",2167
2076,"9780194307574",2168
2077,"9781405853095",2169
2078,"9781405080057",2170
2079,"9781904663461",2171
2080,"9780194370912",2172
2081,"9788466815277",2173
2082,"9780194601467",2174
2083,"9780136005131",2175
2084,"9780194013840",2176
2085,"9780230462076",2177
2086,"9780521013376",2178
2087,"9781137273116",2179
2088,"9780194030151",2180
2089,"9780194030168",2181
2090,"9780194030175",2182
2091,"9780194030410",2183
2092,"9780194460606",2184
2093,"9780194302043",2185
2094,"9780132338417",2186
2095,"9780132338448",2187
2096,"9780132338431",2188
2097,"ELTC0150",2189
2098,"9780194421928",2190
2099,"9780194421867",2191
2100,"9780194425759",2192
2101,"9780194371322",2193
2102,"9780194421935",2194
2103,"9780194375740",2195
2104,"9780230276840",2196
2105,"9781137309808",2197
2106,"9780194421539",2198
2107,"9781909783072",2199
2108,"9780194703932",2200
2109,"9781905085712",2201
2110,"9781905085194",2202
2111,"9781905085224",2203
2112,"9781905085217",2204
2113,"9781905085705",2205
2114,"9780435280611",2206
2115,"9780194586993",2207
2116,"9780194583930",2208
2117,"9780194590969",2209
2118,"9780194590952",2210
2119,"9780194590631",2211
2120,"9780194590839",2212
2121,"9780194584739",2213
2122,"9780134617992",2214
2123,"9780582469396",2215
2124,"9780194590013",2216
2125,"9780194590020",2217
2126,"9781902947785",2218
2127,"9780435250843",2219
2128,"9780582825109",2220
2129,"9781405017770",2221
2130,"9780333755235",2222
2131,"9780521477772",2223
2132,"9780521477758",2224
2133,"9780435242589",2225
2134,"9780175558728",2226
2135,"9780333757598",2227
2136,"9781899396016",2228
2137,"9780582465640",2229
2138,"9780582339309",2230
2139,"9780582451469",2231
2140,"9781910366134",2232
2141,"9780435250102",2233
2142,"9780582465657",2234
2143,"9780582325258",2235
2144,"9780194323062",2236
2145,"9781899396351",2237
2146,"9780175556953",2238
2147,"9780435250942",2239
2148,"9781405843485",2240
2149,"9780883904510",2241
2150,"9780955946141",2242
2151,"9788488378071",2243
2152,"9780955946127",2244
2153,"9780521556026",2245
2154,"9780582469389",2246
2155,"9780194356527",2247
2156,"9780521427357",2248
2157,"9780521586825",2249
2158,"9780582507241",2250
2159,"9781898295624",2251
2160,"9780194421782",2252
2161,"ELTC0324",2253
2162,"ELTC0326",2254
2163,"ELTC0325",2255
2164,"ELTC0323",2256
2165,"ELTC0322",2257
2166,"ELTC0321",2258
2167,"ELTC0310",2259
2168,"ELTC0331",2260
2169,"ELTC0336",2261
2170,"ELTC0335",2262
2171,"ELTC0334",2263
2172,"ELTC0333",2264
2173,"ELTC0332",2265
2174,"ELTC0330",2266
2175,"ELTC0327",2267
2176,"ELTC0328",2268
2177,"ELTC0329",2269
2178,"ELTC0311",2270
2179,"ELTC0337",2271
2180,"ELTC0437",2272
2181,"ELTC0312",2273
2182,"ELTC0313",2274
2183,"ELTC0338",2275
2184,"ELTC0339",2276
2185,"ELTC0340",2277
2186,"ELTC0341",2278
2187,"ELTC0342",2279
2188,"ELTC0343",2280
2189,"ELTC0344",2281
2190,"ELTC0345",2282
2191,"ELTC0346",2283
2192,"ELTC0347",2284
2193,"ELTC0348",2285
2194,"ELTC0349",2286
2195,"ELTC0350",2287
2196,"ELTC0351",2288
2197,"ELTC0352",2289
2198,"ELTC0290",2290
2199,"ELTC0293",2291
2200,"ELTC0291",2292
2201,"ELTC0292",2293
2202,"ELTC0294",2294
2203,"ELTC0295",2295
2204,"ELTC0296",2296
2205,"ELTC0299",2297
2206,"ELTC0297",2298
2207,"ELTC0298",2299
2208,"ELTC0300",2300
2209,"ELTC0301",2301
2210,"ELTC0441",2302
2211,"ELTC0440",2303
2212,"ELTC0302",2304
2213,"ELTC0303",2305
2214,"ELTC0304",2306
2215,"ELTC0305",2307
2216,"ELTC0439",2308
2217,"ELTC0306",2309
2218,"ELTC0307",2310
2219,"ELTC0308",2311
2220,"ELTC0309",2312
2221,"ELTC0320",2313
2222,"ELTC0319",2314
2223,"ELTC0318",2315
2224,"ELTC0317",2316
2225,"ELTC0314",2317
2226,"ELTC0315",2318
2227,"ELTC0316",2319
2228,"ELTC0438",2320
2229,"9780415832410",2321
2230,"9781782601807",2322
2231,"9781782601821",2323
2232,"9780472036066",2324
2233,"9781782601852",2325
2234,"9781285846910",2326
2235,"9781305254497",2327
2236,"9781305254510",2328
2237,"9780194552882",2329
2238,"9780194552899",2330
2239,"9780194552875",2331
2240,"9780194512497",2332
2241,"9781133950578",2333
2242,"9781133950608",2334
2243,"9781133950592",2335
2244,"9781133950561",2336
2245,"9780194554244",2337
2246,"9780194554268",2338
2247,"9780194554251",2339
2248,"9780132679381",2340
2249,"9781137019455",2341
2250,"9780521774369",2342
2251,"9780521608480",2343
2252,"9780521745222",2344
2253,"9780521006514",2345
2254,"9780521605823",2346
2255,"9781107631908",2347
2256,"ELTC0436",2348
2257,"ELTC0435",2349
2258,"9780230289338",2350
2259,"9780230360532",2351
2260,"9781107689190",2352
2261,"9781107694668",2353
2262,"9781107637764",2354
2263,"9780230369702",2355
2264,"9780230035362",2356
2265,"9780230035386",2357
2266,"9781137294685",2358
2267,"9780230035409",2359
2268,"9780230033641",2360
2269,"9780521575799",2361
2270,"9780521663427",2362
2271,"9780136085188",2363
2272,"9780132483544",2364
2273,"9780195445848",2365
2274,"9781444350029",2366
2275,"9780521741859",2367
2276,"9781447980254",2368
2277,"9780194421645",2369
2278,"9780194739443",2370
2279,"9780194579124",2371
2280,"9780194579339",2372
2281,"9780194579278",2373
2282,"9780194579391",2374
2283,"9780194579506",2375
2284,"9780194579360",2376
2285,"9780194620116",2377
2286,"9780194620079",2378
2287,"9780194620130",2379
2288,"9780194620123",2380
2289,"ELTC0386",2381
2290,"ELTC0387",2382
2291,"ELTC0388",2383
2292,"ELTC0389",2384
2293,"ELTC0390",2385
2294,"ELTC0410",2386
2295,"ELTC0411",2387
2296,"ELTC0412",2388
2297,"ELTC0415",2389
2298,"ELTC0418",2390
2299,"ELTC0413",2391
2300,"ELTC0414",2392
2301,"ELTC0416",2393
2302,"ELTC0417",2394
2303,"ELTC0421",2395
2304,"ELTC0424",2396
2305,"ELTC0422",2397
2306,"ELTC0380",2398
2307,"ELTC0383",2399
2308,"ELTC0363",2400
2309,"ELTC0364",2401
2310,"ELTC0366",2402
2311,"ELTC0367",2403
2312,"ELTC0369",2404
2313,"ELTC0370",2405
2314,"ELTC0372",2406
2315,"ELTC0373",2407
2316,"9781137293282",2408
2317,"ELTC0427",2409
2318,"ELTC0426",2410
2319,"ELTC0425",2411
2320,"ELTC0428",2412
2321,"ELTC0429",2413
2322,"ELTC0449",2414
2323,"ELTC0377",2415
2324,"ELTC0434",2416
2325,"ELTC0443",2417
2326,"ELTC0442",2418
2327,"ELTC0445",2419
2328,"ELTC0447",2420
2329,"ELTC0448",2421
2330,"ELTC0391",2422
2331,"ELTC0420",2423
2332,"ELTC0419",2424
2333,"ELTC0446",2425
2334,"ELTC0444",2426
2335,"ELTC0353",2427
2336,"",2428
2337,"9780521783576",2429
2338,"9780521619585",2430
2339,"9780340646250",2431
2340,"9781900783880",2432
2341,"9781905085552",2433
2342,"9780230458185",2434
2343,"9780521685702",2435
2344,"9780521754866",2436
2345,"9780230431966",2437
2346,"9780230440029",2438
2347,"9780521754835",2439
2348,"9780230463677",2440
2349,"9781107480537",2441
2350,"9780194501811",2442
2351,"9780194598569",2443
2352,"9780194598576",2444
2353,"9780194705295",2445
2354,"9780194421850",2446
2355,"9780194421607",2447
2356,"9780007551934",2448
2357,"9781107462113",2449
2358,"9781107655829",2450
2359,"9781905085330",2451
2360,"9781900783781",2452
2361,"ELTC0365",2453
2362,"ELTC0358",2454
2363,"ELTC0368",2455
2364,"ELTC0355",2456
2365,"ELTC0354",2457
2366,"ELTC0361",2458
2367,"ELTC0357",2459
2368,"ELTC0359",2460
2369,"ELTC0362",2461
2370,"9781899396108",2462
2371,"9780194572040",2463
2372,"9781859644492",2464
2373,"9781859644461",2465
2374,"9781859644478",2466
2375,"9781405833127",2467
2376,"9780230476141",2468
2377,"9780131361935",2469
2378,"9781405806572",2470
2379,"9781408229538",2471
2380,"9781859644430",2472
2381,"9781859644423",2473
2382,"9781107625471",2474
2383,"9781107631373",2475
2384,"ELTC0360",2476
2385,"9781405026284",2477
2386,"9780194315104",2478
2387,"9780194333504",2479
2388,"9780521387989",2480
2389,"9780521387996",2481
2390,"ELTC0212",2482
2391,"9780521716406",2483
2392,"9781107697843",2484
2393,"9780194309721",2485
2394,"9781859644164",2486
2395,"9781107603028",2487
